"Statistic Label","Week","Mode of Transport","UNIT","VALUE"
"Passenger Journeys","2019 Week 01","Dublin Metro Bus","Number","1987891"
"Passenger Journeys","2019 Week 01","Bus, excluding Dublin Metro","Number","497598"
"Passenger Journeys","2019 Week 01","Rail","Number",""
"Passenger Journeys","2019 Week 01","All public transport, excluding LUAS","Number","2485489"
"Passenger Journeys","2019 Week 02","Dublin Metro Bus","Number","2709579"
"Passenger Journeys","2019 Week 02","Bus, excluding Dublin Metro","Number","633764"
"Passenger Journeys","2019 Week 02","Rail","Number",""
"Passenger Journeys","2019 Week 02","All public transport, excluding LUAS","Number","3343343"
"Passenger Journeys","2019 Week 03","Dublin Metro Bus","Number","2784678"
"Passenger Journeys","2019 Week 03","Bus, excluding Dublin Metro","Number","678097"
"Passenger Journeys","2019 Week 03","Rail","Number",""
"Passenger Journeys","2019 Week 03","All public transport, excluding LUAS","Number","3462775"
"Passenger Journeys","2019 Week 04","Dublin Metro Bus","Number","2858346"
"Passenger Journeys","2019 Week 04","Bus, excluding Dublin Metro","Number","676140"
"Passenger Journeys","2019 Week 04","Rail","Number",""
"Passenger Journeys","2019 Week 04","All public transport, excluding LUAS","Number","3534486"
"Passenger Journeys","2019 Week 05","Dublin Metro Bus","Number","2924821"
"Passenger Journeys","2019 Week 05","Bus, excluding Dublin Metro","Number","672440"
"Passenger Journeys","2019 Week 05","Rail","Number",""
"Passenger Journeys","2019 Week 05","All public transport, excluding LUAS","Number","3597261"
"Passenger Journeys","2019 Week 06","Dublin Metro Bus","Number","2979960"
"Passenger Journeys","2019 Week 06","Bus, excluding Dublin Metro","Number","696573"
"Passenger Journeys","2019 Week 06","Rail","Number",""
"Passenger Journeys","2019 Week 06","All public transport, excluding LUAS","Number","3676533"
"Passenger Journeys","2019 Week 07","Dublin Metro Bus","Number","3053710"
"Passenger Journeys","2019 Week 07","Bus, excluding Dublin Metro","Number","736594"
"Passenger Journeys","2019 Week 07","Rail","Number",""
"Passenger Journeys","2019 Week 07","All public transport, excluding LUAS","Number","3790304"
"Passenger Journeys","2019 Week 08","Dublin Metro Bus","Number","2927041"
"Passenger Journeys","2019 Week 08","Bus, excluding Dublin Metro","Number","677931"
"Passenger Journeys","2019 Week 08","Rail","Number",""
"Passenger Journeys","2019 Week 08","All public transport, excluding LUAS","Number","3604972"
"Passenger Journeys","2019 Week 09","Dublin Metro Bus","Number","2989171"
"Passenger Journeys","2019 Week 09","Bus, excluding Dublin Metro","Number","706297"
"Passenger Journeys","2019 Week 09","Rail","Number",""
"Passenger Journeys","2019 Week 09","All public transport, excluding LUAS","Number","3695468"
"Passenger Journeys","2019 Week 10","Dublin Metro Bus","Number","3065148"
"Passenger Journeys","2019 Week 10","Bus, excluding Dublin Metro","Number","718505"
"Passenger Journeys","2019 Week 10","Rail","Number",""
"Passenger Journeys","2019 Week 10","All public transport, excluding LUAS","Number","3783653"
"Passenger Journeys","2019 Week 11","Dublin Metro Bus","Number","2998440"
"Passenger Journeys","2019 Week 11","Bus, excluding Dublin Metro","Number","731042"
"Passenger Journeys","2019 Week 11","Rail","Number",""
"Passenger Journeys","2019 Week 11","All public transport, excluding LUAS","Number","3729482"
"Passenger Journeys","2019 Week 12","Dublin Metro Bus","Number","2742468"
"Passenger Journeys","2019 Week 12","Bus, excluding Dublin Metro","Number","665202"
"Passenger Journeys","2019 Week 12","Rail","Number",""
"Passenger Journeys","2019 Week 12","All public transport, excluding LUAS","Number","3407670"
"Passenger Journeys","2019 Week 13","Dublin Metro Bus","Number","3136873"
"Passenger Journeys","2019 Week 13","Bus, excluding Dublin Metro","Number","749734"
"Passenger Journeys","2019 Week 13","Rail","Number",""
"Passenger Journeys","2019 Week 13","All public transport, excluding LUAS","Number","3886607"
"Passenger Journeys","2019 Week 14","Dublin Metro Bus","Number","3087216"
"Passenger Journeys","2019 Week 14","Bus, excluding Dublin Metro","Number","725196"
"Passenger Journeys","2019 Week 14","Rail","Number",""
"Passenger Journeys","2019 Week 14","All public transport, excluding LUAS","Number","3812412"
"Passenger Journeys","2019 Week 15","Dublin Metro Bus","Number","3101074"
"Passenger Journeys","2019 Week 15","Bus, excluding Dublin Metro","Number","717874"
"Passenger Journeys","2019 Week 15","Rail","Number",""
"Passenger Journeys","2019 Week 15","All public transport, excluding LUAS","Number","3818948"
"Passenger Journeys","2019 Week 16","Dublin Metro Bus","Number","2723661"
"Passenger Journeys","2019 Week 16","Bus, excluding Dublin Metro","Number","636735"
"Passenger Journeys","2019 Week 16","Rail","Number",""
"Passenger Journeys","2019 Week 16","All public transport, excluding LUAS","Number","3360396"
"Passenger Journeys","2019 Week 17","Dublin Metro Bus","Number","2535513"
"Passenger Journeys","2019 Week 17","Bus, excluding Dublin Metro","Number","601236"
"Passenger Journeys","2019 Week 17","Rail","Number",""
"Passenger Journeys","2019 Week 17","All public transport, excluding LUAS","Number","3136749"
"Passenger Journeys","2019 Week 18","Dublin Metro Bus","Number","2990676"
"Passenger Journeys","2019 Week 18","Bus, excluding Dublin Metro","Number","727961"
"Passenger Journeys","2019 Week 18","Rail","Number",""
"Passenger Journeys","2019 Week 18","All public transport, excluding LUAS","Number","3718637"
"Passenger Journeys","2019 Week 19","Dublin Metro Bus","Number","2719955"
"Passenger Journeys","2019 Week 19","Bus, excluding Dublin Metro","Number","650874"
"Passenger Journeys","2019 Week 19","Rail","Number",""
"Passenger Journeys","2019 Week 19","All public transport, excluding LUAS","Number","3370829"
"Passenger Journeys","2019 Week 20","Dublin Metro Bus","Number","2960967"
"Passenger Journeys","2019 Week 20","Bus, excluding Dublin Metro","Number","691221"
"Passenger Journeys","2019 Week 20","Rail","Number",""
"Passenger Journeys","2019 Week 20","All public transport, excluding LUAS","Number","3652188"
"Passenger Journeys","2019 Week 21","Dublin Metro Bus","Number","2938021"
"Passenger Journeys","2019 Week 21","Bus, excluding Dublin Metro","Number","701342"
"Passenger Journeys","2019 Week 21","Rail","Number",""
"Passenger Journeys","2019 Week 21","All public transport, excluding LUAS","Number","3639363"
"Passenger Journeys","2019 Week 22","Dublin Metro Bus","Number","2900323"
"Passenger Journeys","2019 Week 22","Bus, excluding Dublin Metro","Number","681399"
"Passenger Journeys","2019 Week 22","Rail","Number",""
"Passenger Journeys","2019 Week 22","All public transport, excluding LUAS","Number","3581722"
"Passenger Journeys","2019 Week 23","Dublin Metro Bus","Number","2591616"
"Passenger Journeys","2019 Week 23","Bus, excluding Dublin Metro","Number","617748"
"Passenger Journeys","2019 Week 23","Rail","Number",""
"Passenger Journeys","2019 Week 23","All public transport, excluding LUAS","Number","3209364"
"Passenger Journeys","2019 Week 24","Dublin Metro Bus","Number","2844409"
"Passenger Journeys","2019 Week 24","Bus, excluding Dublin Metro","Number","669882"
"Passenger Journeys","2019 Week 24","Rail","Number",""
"Passenger Journeys","2019 Week 24","All public transport, excluding LUAS","Number","3514291"
"Passenger Journeys","2019 Week 25","Dublin Metro Bus","Number","2826773"
"Passenger Journeys","2019 Week 25","Bus, excluding Dublin Metro","Number","680777"
"Passenger Journeys","2019 Week 25","Rail","Number",""
"Passenger Journeys","2019 Week 25","All public transport, excluding LUAS","Number","3507550"
"Passenger Journeys","2019 Week 26","Dublin Metro Bus","Number","2840156"
"Passenger Journeys","2019 Week 26","Bus, excluding Dublin Metro","Number","686867"
"Passenger Journeys","2019 Week 26","Rail","Number",""
"Passenger Journeys","2019 Week 26","All public transport, excluding LUAS","Number","3527023"
"Passenger Journeys","2019 Week 27","Dublin Metro Bus","Number","2953254"
"Passenger Journeys","2019 Week 27","Bus, excluding Dublin Metro","Number","705163"
"Passenger Journeys","2019 Week 27","Rail","Number",""
"Passenger Journeys","2019 Week 27","All public transport, excluding LUAS","Number","3658417"
"Passenger Journeys","2019 Week 28","Dublin Metro Bus","Number","2954091"
"Passenger Journeys","2019 Week 28","Bus, excluding Dublin Metro","Number","713037"
"Passenger Journeys","2019 Week 28","Rail","Number",""
"Passenger Journeys","2019 Week 28","All public transport, excluding LUAS","Number","3667128"
"Passenger Journeys","2019 Week 29","Dublin Metro Bus","Number","2895372"
"Passenger Journeys","2019 Week 29","Bus, excluding Dublin Metro","Number","701340"
"Passenger Journeys","2019 Week 29","Rail","Number",""
"Passenger Journeys","2019 Week 29","All public transport, excluding LUAS","Number","3596712"
"Passenger Journeys","2019 Week 30","Dublin Metro Bus","Number","2939485"
"Passenger Journeys","2019 Week 30","Bus, excluding Dublin Metro","Number","713657"
"Passenger Journeys","2019 Week 30","Rail","Number",""
"Passenger Journeys","2019 Week 30","All public transport, excluding LUAS","Number","3653142"
"Passenger Journeys","2019 Week 31","Dublin Metro Bus","Number","2725260"
"Passenger Journeys","2019 Week 31","Bus, excluding Dublin Metro","Number","680616"
"Passenger Journeys","2019 Week 31","Rail","Number",""
"Passenger Journeys","2019 Week 31","All public transport, excluding LUAS","Number","3405876"
"Passenger Journeys","2019 Week 32","Dublin Metro Bus","Number","2547806"
"Passenger Journeys","2019 Week 32","Bus, excluding Dublin Metro","Number","616761"
"Passenger Journeys","2019 Week 32","Rail","Number",""
"Passenger Journeys","2019 Week 32","All public transport, excluding LUAS","Number","3164567"
"Passenger Journeys","2019 Week 33","Dublin Metro Bus","Number","2724875"
"Passenger Journeys","2019 Week 33","Bus, excluding Dublin Metro","Number","697890"
"Passenger Journeys","2019 Week 33","Rail","Number",""
"Passenger Journeys","2019 Week 33","All public transport, excluding LUAS","Number","3422765"
"Passenger Journeys","2019 Week 34","Dublin Metro Bus","Number","2793023"
"Passenger Journeys","2019 Week 34","Bus, excluding Dublin Metro","Number","689702"
"Passenger Journeys","2019 Week 34","Rail","Number",""
"Passenger Journeys","2019 Week 34","All public transport, excluding LUAS","Number","3482725"
"Passenger Journeys","2019 Week 35","Dublin Metro Bus","Number","2872215"
"Passenger Journeys","2019 Week 35","Bus, excluding Dublin Metro","Number","695388"
"Passenger Journeys","2019 Week 35","Rail","Number",""
"Passenger Journeys","2019 Week 35","All public transport, excluding LUAS","Number","3567603"
"Passenger Journeys","2019 Week 36","Dublin Metro Bus","Number","2999569"
"Passenger Journeys","2019 Week 36","Bus, excluding Dublin Metro","Number","744038"
"Passenger Journeys","2019 Week 36","Rail","Number",""
"Passenger Journeys","2019 Week 36","All public transport, excluding LUAS","Number","3743607"
"Passenger Journeys","2019 Week 37","Dublin Metro Bus","Number","3109763"
"Passenger Journeys","2019 Week 37","Bus, excluding Dublin Metro","Number","820112"
"Passenger Journeys","2019 Week 37","Rail","Number",""
"Passenger Journeys","2019 Week 37","All public transport, excluding LUAS","Number","3929875"
"Passenger Journeys","2019 Week 38","Dublin Metro Bus","Number","3182473"
"Passenger Journeys","2019 Week 38","Bus, excluding Dublin Metro","Number","828356"
"Passenger Journeys","2019 Week 38","Rail","Number",""
"Passenger Journeys","2019 Week 38","All public transport, excluding LUAS","Number","4010829"
"Passenger Journeys","2019 Week 39","Dublin Metro Bus","Number","3204042"
"Passenger Journeys","2019 Week 39","Bus, excluding Dublin Metro","Number","814190"
"Passenger Journeys","2019 Week 39","Rail","Number",""
"Passenger Journeys","2019 Week 39","All public transport, excluding LUAS","Number","4018232"
"Passenger Journeys","2019 Week 40","Dublin Metro Bus","Number","3139165"
"Passenger Journeys","2019 Week 40","Bus, excluding Dublin Metro","Number","776594"
"Passenger Journeys","2019 Week 40","Rail","Number",""
"Passenger Journeys","2019 Week 40","All public transport, excluding LUAS","Number","3915759"
"Passenger Journeys","2019 Week 41","Dublin Metro Bus","Number","3243670"
"Passenger Journeys","2019 Week 41","Bus, excluding Dublin Metro","Number","824314"
"Passenger Journeys","2019 Week 41","Rail","Number",""
"Passenger Journeys","2019 Week 41","All public transport, excluding LUAS","Number","4067984"
"Passenger Journeys","2019 Week 42","Dublin Metro Bus","Number","3238993"
"Passenger Journeys","2019 Week 42","Bus, excluding Dublin Metro","Number","805498"
"Passenger Journeys","2019 Week 42","Rail","Number",""
"Passenger Journeys","2019 Week 42","All public transport, excluding LUAS","Number","4044491"
"Passenger Journeys","2019 Week 43","Dublin Metro Bus","Number","3170924"
"Passenger Journeys","2019 Week 43","Bus, excluding Dublin Metro","Number","824331"
"Passenger Journeys","2019 Week 43","Rail","Number",""
"Passenger Journeys","2019 Week 43","All public transport, excluding LUAS","Number","3995255"
"Passenger Journeys","2019 Week 44","Dublin Metro Bus","Number","2708101"
"Passenger Journeys","2019 Week 44","Bus, excluding Dublin Metro","Number","655906"
"Passenger Journeys","2019 Week 44","Rail","Number",""
"Passenger Journeys","2019 Week 44","All public transport, excluding LUAS","Number","3364007"
"Passenger Journeys","2019 Week 45","Dublin Metro Bus","Number","3130443"
"Passenger Journeys","2019 Week 45","Bus, excluding Dublin Metro","Number","775922"
"Passenger Journeys","2019 Week 45","Rail","Number",""
"Passenger Journeys","2019 Week 45","All public transport, excluding LUAS","Number","3906365"
"Passenger Journeys","2019 Week 46","Dublin Metro Bus","Number","3206894"
"Passenger Journeys","2019 Week 46","Bus, excluding Dublin Metro","Number","783830"
"Passenger Journeys","2019 Week 46","Rail","Number",""
"Passenger Journeys","2019 Week 46","All public transport, excluding LUAS","Number","3990724"
"Passenger Journeys","2019 Week 47","Dublin Metro Bus","Number","3192052"
"Passenger Journeys","2019 Week 47","Bus, excluding Dublin Metro","Number","772760"
"Passenger Journeys","2019 Week 47","Rail","Number",""
"Passenger Journeys","2019 Week 47","All public transport, excluding LUAS","Number","3964812"
"Passenger Journeys","2019 Week 48","Dublin Metro Bus","Number","3251721"
"Passenger Journeys","2019 Week 48","Bus, excluding Dublin Metro","Number","794233"
"Passenger Journeys","2019 Week 48","Rail","Number",""
"Passenger Journeys","2019 Week 48","All public transport, excluding LUAS","Number","4045954"
"Passenger Journeys","2019 Week 49","Dublin Metro Bus","Number","3215990"
"Passenger Journeys","2019 Week 49","Bus, excluding Dublin Metro","Number","773085"
"Passenger Journeys","2019 Week 49","Rail","Number",""
"Passenger Journeys","2019 Week 49","All public transport, excluding LUAS","Number","3989075"
"Passenger Journeys","2019 Week 50","Dublin Metro Bus","Number","3271738"
"Passenger Journeys","2019 Week 50","Bus, excluding Dublin Metro","Number","768340"
"Passenger Journeys","2019 Week 50","Rail","Number",""
"Passenger Journeys","2019 Week 50","All public transport, excluding LUAS","Number","4040078"
"Passenger Journeys","2019 Week 51","Dublin Metro Bus","Number","3166707"
"Passenger Journeys","2019 Week 51","Bus, excluding Dublin Metro","Number","900418"
"Passenger Journeys","2019 Week 51","Rail","Number",""
"Passenger Journeys","2019 Week 51","All public transport, excluding LUAS","Number","4067125"
"Passenger Journeys","2019 Week 52","Dublin Metro Bus","Number","1599369"
"Passenger Journeys","2019 Week 52","Bus, excluding Dublin Metro","Number","397160"
"Passenger Journeys","2019 Week 52","Rail","Number",""
"Passenger Journeys","2019 Week 52","All public transport, excluding LUAS","Number","1996529"
"Passenger Journeys","2019 Week 53","Dublin Metro Bus","Number",""
"Passenger Journeys","2019 Week 53","Bus, excluding Dublin Metro","Number",""
"Passenger Journeys","2019 Week 53","Rail","Number",""
"Passenger Journeys","2019 Week 53","All public transport, excluding LUAS","Number",""
"Passenger Journeys","2020 Week 01","Dublin Metro Bus","Number","1970550"
"Passenger Journeys","2020 Week 01","Bus, excluding Dublin Metro","Number","523817"
"Passenger Journeys","2020 Week 01","Rail","Number","697954"
"Passenger Journeys","2020 Week 01","All public transport, excluding LUAS","Number","3192321"
"Passenger Journeys","2020 Week 02","Dublin Metro Bus","Number","2830713"
"Passenger Journeys","2020 Week 02","Bus, excluding Dublin Metro","Number","652672"
"Passenger Journeys","2020 Week 02","Rail","Number","899175"
"Passenger Journeys","2020 Week 02","All public transport, excluding LUAS","Number","4382560"
"Passenger Journeys","2020 Week 03","Dublin Metro Bus","Number","2907797"
"Passenger Journeys","2020 Week 03","Bus, excluding Dublin Metro","Number","693102"
"Passenger Journeys","2020 Week 03","Rail","Number","925257"
"Passenger Journeys","2020 Week 03","All public transport, excluding LUAS","Number","4526156"
"Passenger Journeys","2020 Week 04","Dublin Metro Bus","Number","3076009"
"Passenger Journeys","2020 Week 04","Bus, excluding Dublin Metro","Number","747531"
"Passenger Journeys","2020 Week 04","Rail","Number","959703"
"Passenger Journeys","2020 Week 04","All public transport, excluding LUAS","Number","4783243"
"Passenger Journeys","2020 Week 05","Dublin Metro Bus","Number","3152056"
"Passenger Journeys","2020 Week 05","Bus, excluding Dublin Metro","Number","755189"
"Passenger Journeys","2020 Week 05","Rail","Number","1019494"
"Passenger Journeys","2020 Week 05","All public transport, excluding LUAS","Number","4926739"
"Passenger Journeys","2020 Week 06","Dublin Metro Bus","Number","3104689"
"Passenger Journeys","2020 Week 06","Bus, excluding Dublin Metro","Number","748401"
"Passenger Journeys","2020 Week 06","Rail","Number","1041672"
"Passenger Journeys","2020 Week 06","All public transport, excluding LUAS","Number","4894762"
"Passenger Journeys","2020 Week 07","Dublin Metro Bus","Number","3097986"
"Passenger Journeys","2020 Week 07","Bus, excluding Dublin Metro","Number","729974"
"Passenger Journeys","2020 Week 07","Rail","Number","908680"
"Passenger Journeys","2020 Week 07","All public transport, excluding LUAS","Number","4736640"
"Passenger Journeys","2020 Week 08","Dublin Metro Bus","Number","3046425"
"Passenger Journeys","2020 Week 08","Bus, excluding Dublin Metro","Number","728267"
"Passenger Journeys","2020 Week 08","Rail","Number","954421"
"Passenger Journeys","2020 Week 08","All public transport, excluding LUAS","Number","4729113"
"Passenger Journeys","2020 Week 09","Dublin Metro Bus","Number","3145979"
"Passenger Journeys","2020 Week 09","Bus, excluding Dublin Metro","Number","738222"
"Passenger Journeys","2020 Week 09","Rail","Number","946324"
"Passenger Journeys","2020 Week 09","All public transport, excluding LUAS","Number","4830525"
"Passenger Journeys","2020 Week 10","Dublin Metro Bus","Number","3103704"
"Passenger Journeys","2020 Week 10","Bus, excluding Dublin Metro","Number","755581"
"Passenger Journeys","2020 Week 10","Rail","Number","851347"
"Passenger Journeys","2020 Week 10","All public transport, excluding LUAS","Number","4710632"
"Passenger Journeys","2020 Week 11","Dublin Metro Bus","Number","2451496"
"Passenger Journeys","2020 Week 11","Bus, excluding Dublin Metro","Number","585892"
"Passenger Journeys","2020 Week 11","Rail","Number","907046"
"Passenger Journeys","2020 Week 11","All public transport, excluding LUAS","Number","3944434"
"Passenger Journeys","2020 Week 12","Dublin Metro Bus","Number","828756"
"Passenger Journeys","2020 Week 12","Bus, excluding Dublin Metro","Number","189509"
"Passenger Journeys","2020 Week 12","Rail","Number","627170"
"Passenger Journeys","2020 Week 12","All public transport, excluding LUAS","Number","1645435"
"Passenger Journeys","2020 Week 13","Dublin Metro Bus","Number","593463"
"Passenger Journeys","2020 Week 13","Bus, excluding Dublin Metro","Number","143429"
"Passenger Journeys","2020 Week 13","Rail","Number","77149"
"Passenger Journeys","2020 Week 13","All public transport, excluding LUAS","Number","814041"
"Passenger Journeys","2020 Week 14","Dublin Metro Bus","Number","365560"
"Passenger Journeys","2020 Week 14","Bus, excluding Dublin Metro","Number","85598"
"Passenger Journeys","2020 Week 14","Rail","Number","26302"
"Passenger Journeys","2020 Week 14","All public transport, excluding LUAS","Number","477460"
"Passenger Journeys","2020 Week 15","Dublin Metro Bus","Number","374262"
"Passenger Journeys","2020 Week 15","Bus, excluding Dublin Metro","Number","91529"
"Passenger Journeys","2020 Week 15","Rail","Number","23231"
"Passenger Journeys","2020 Week 15","All public transport, excluding LUAS","Number","489022"
"Passenger Journeys","2020 Week 16","Dublin Metro Bus","Number","361266"
"Passenger Journeys","2020 Week 16","Bus, excluding Dublin Metro","Number","85871"
"Passenger Journeys","2020 Week 16","Rail","Number","28071"
"Passenger Journeys","2020 Week 16","All public transport, excluding LUAS","Number","475208"
"Passenger Journeys","2020 Week 17","Dublin Metro Bus","Number","408826"
"Passenger Journeys","2020 Week 17","Bus, excluding Dublin Metro","Number","100755"
"Passenger Journeys","2020 Week 17","Rail","Number","32787"
"Passenger Journeys","2020 Week 17","All public transport, excluding LUAS","Number","542368"
"Passenger Journeys","2020 Week 18","Dublin Metro Bus","Number","433369"
"Passenger Journeys","2020 Week 18","Bus, excluding Dublin Metro","Number","106193"
"Passenger Journeys","2020 Week 18","Rail","Number","35354"
"Passenger Journeys","2020 Week 18","All public transport, excluding LUAS","Number","574916"
"Passenger Journeys","2020 Week 19","Dublin Metro Bus","Number","449887"
"Passenger Journeys","2020 Week 19","Bus, excluding Dublin Metro","Number","110131"
"Passenger Journeys","2020 Week 19","Rail","Number","38142"
"Passenger Journeys","2020 Week 19","All public transport, excluding LUAS","Number","598160"
"Passenger Journeys","2020 Week 20","Dublin Metro Bus","Number","504279"
"Passenger Journeys","2020 Week 20","Bus, excluding Dublin Metro","Number","122686"
"Passenger Journeys","2020 Week 20","Rail","Number","44431"
"Passenger Journeys","2020 Week 20","All public transport, excluding LUAS","Number","671396"
"Passenger Journeys","2020 Week 21","Dublin Metro Bus","Number","631921"
"Passenger Journeys","2020 Week 21","Bus, excluding Dublin Metro","Number","149607"
"Passenger Journeys","2020 Week 21","Rail","Number","69766"
"Passenger Journeys","2020 Week 21","All public transport, excluding LUAS","Number","851294"
"Passenger Journeys","2020 Week 22","Dublin Metro Bus","Number","740034"
"Passenger Journeys","2020 Week 22","Bus, excluding Dublin Metro","Number","171072"
"Passenger Journeys","2020 Week 22","Rail","Number","98967"
"Passenger Journeys","2020 Week 22","All public transport, excluding LUAS","Number","1010073"
"Passenger Journeys","2020 Week 23","Dublin Metro Bus","Number","717292"
"Passenger Journeys","2020 Week 23","Bus, excluding Dublin Metro","Number","169871"
"Passenger Journeys","2020 Week 23","Rail","Number","101021"
"Passenger Journeys","2020 Week 23","All public transport, excluding LUAS","Number","988184"
"Passenger Journeys","2020 Week 24","Dublin Metro Bus","Number","885658"
"Passenger Journeys","2020 Week 24","Bus, excluding Dublin Metro","Number","219384"
"Passenger Journeys","2020 Week 24","Rail","Number","138791"
"Passenger Journeys","2020 Week 24","All public transport, excluding LUAS","Number","1243833"
"Passenger Journeys","2020 Week 25","Dublin Metro Bus","Number","1004952"
"Passenger Journeys","2020 Week 25","Bus, excluding Dublin Metro","Number","250295"
"Passenger Journeys","2020 Week 25","Rail","Number","170670"
"Passenger Journeys","2020 Week 25","All public transport, excluding LUAS","Number","1425917"
"Passenger Journeys","2020 Week 26","Dublin Metro Bus","Number","1050419"
"Passenger Journeys","2020 Week 26","Bus, excluding Dublin Metro","Number","259592"
"Passenger Journeys","2020 Week 26","Rail","Number","199508"
"Passenger Journeys","2020 Week 26","All public transport, excluding LUAS","Number","1509519"
"Passenger Journeys","2020 Week 27","Dublin Metro Bus","Number","1215359"
"Passenger Journeys","2020 Week 27","Bus, excluding Dublin Metro","Number","305350"
"Passenger Journeys","2020 Week 27","Rail","Number","261970"
"Passenger Journeys","2020 Week 27","All public transport, excluding LUAS","Number","1782679"
"Passenger Journeys","2020 Week 28","Dublin Metro Bus","Number","1301584"
"Passenger Journeys","2020 Week 28","Bus, excluding Dublin Metro","Number","338931"
"Passenger Journeys","2020 Week 28","Rail","Number","261970"
"Passenger Journeys","2020 Week 28","All public transport, excluding LUAS","Number","1902485"
"Passenger Journeys","2020 Week 29","Dublin Metro Bus","Number","1317821"
"Passenger Journeys","2020 Week 29","Bus, excluding Dublin Metro","Number","347104"
"Passenger Journeys","2020 Week 29","Rail","Number","278033"
"Passenger Journeys","2020 Week 29","All public transport, excluding LUAS","Number","1942958"
"Passenger Journeys","2020 Week 30","Dublin Metro Bus","Number","1345580"
"Passenger Journeys","2020 Week 30","Bus, excluding Dublin Metro","Number","358836"
"Passenger Journeys","2020 Week 30","Rail","Number","286232"
"Passenger Journeys","2020 Week 30","All public transport, excluding LUAS","Number","1990648"
"Passenger Journeys","2020 Week 31","Dublin Metro Bus","Number","1390530"
"Passenger Journeys","2020 Week 31","Bus, excluding Dublin Metro","Number","369536"
"Passenger Journeys","2020 Week 31","Rail","Number","305731"
"Passenger Journeys","2020 Week 31","All public transport, excluding LUAS","Number","2065797"
"Passenger Journeys","2020 Week 32","Dublin Metro Bus","Number","1340117"
"Passenger Journeys","2020 Week 32","Bus, excluding Dublin Metro","Number","357425"
"Passenger Journeys","2020 Week 32","Rail","Number","323489"
"Passenger Journeys","2020 Week 32","All public transport, excluding LUAS","Number","2021031"
"Passenger Journeys","2020 Week 33","Dublin Metro Bus","Number","1404722"
"Passenger Journeys","2020 Week 33","Bus, excluding Dublin Metro","Number","382286"
"Passenger Journeys","2020 Week 33","Rail","Number","295557"
"Passenger Journeys","2020 Week 33","All public transport, excluding LUAS","Number","2082565"
"Passenger Journeys","2020 Week 34","Dublin Metro Bus","Number","1369602"
"Passenger Journeys","2020 Week 34","Bus, excluding Dublin Metro","Number","354355"
"Passenger Journeys","2020 Week 34","Rail","Number","258999"
"Passenger Journeys","2020 Week 34","All public transport, excluding LUAS","Number","1982956"
"Passenger Journeys","2020 Week 35","Dublin Metro Bus","Number","1448462"
"Passenger Journeys","2020 Week 35","Bus, excluding Dublin Metro","Number","390235"
"Passenger Journeys","2020 Week 35","Rail","Number","285663"
"Passenger Journeys","2020 Week 35","All public transport, excluding LUAS","Number","2124360"
"Passenger Journeys","2020 Week 36","Dublin Metro Bus","Number","1580362"
"Passenger Journeys","2020 Week 36","Bus, excluding Dublin Metro","Number","418714"
"Passenger Journeys","2020 Week 36","Rail","Number","332558"
"Passenger Journeys","2020 Week 36","All public transport, excluding LUAS","Number","2331634"
"Passenger Journeys","2020 Week 37","Dublin Metro Bus","Number","1642110"
"Passenger Journeys","2020 Week 37","Bus, excluding Dublin Metro","Number","427899"
"Passenger Journeys","2020 Week 37","Rail","Number","346681"
"Passenger Journeys","2020 Week 37","All public transport, excluding LUAS","Number","2416690"
"Passenger Journeys","2020 Week 38","Dublin Metro Bus","Number","1578521"
"Passenger Journeys","2020 Week 38","Bus, excluding Dublin Metro","Number","432729"
"Passenger Journeys","2020 Week 38","Rail","Number","323907"
"Passenger Journeys","2020 Week 38","All public transport, excluding LUAS","Number","2335157"
"Passenger Journeys","2020 Week 39","Dublin Metro Bus","Number","1517678"
"Passenger Journeys","2020 Week 39","Bus, excluding Dublin Metro","Number","438357"
"Passenger Journeys","2020 Week 39","Rail","Number","289803"
"Passenger Journeys","2020 Week 39","All public transport, excluding LUAS","Number","2245838"
"Passenger Journeys","2020 Week 40","Dublin Metro Bus","Number","1489761"
"Passenger Journeys","2020 Week 40","Bus, excluding Dublin Metro","Number","435417"
"Passenger Journeys","2020 Week 40","Rail","Number","284420"
"Passenger Journeys","2020 Week 40","All public transport, excluding LUAS","Number","2209598"
"Passenger Journeys","2020 Week 41","Dublin Metro Bus","Number","1554561"
"Passenger Journeys","2020 Week 41","Bus, excluding Dublin Metro","Number","405986"
"Passenger Journeys","2020 Week 41","Rail","Number","275531"
"Passenger Journeys","2020 Week 41","All public transport, excluding LUAS","Number","2236078"
"Passenger Journeys","2020 Week 42","Dublin Metro Bus","Number","1535839"
"Passenger Journeys","2020 Week 42","Bus, excluding Dublin Metro","Number","382078"
"Passenger Journeys","2020 Week 42","Rail","Number","263936"
"Passenger Journeys","2020 Week 42","All public transport, excluding LUAS","Number","2181853"
"Passenger Journeys","2020 Week 43","Dublin Metro Bus","Number","1297841"
"Passenger Journeys","2020 Week 43","Bus, excluding Dublin Metro","Number","319938"
"Passenger Journeys","2020 Week 43","Rail","Number","197097"
"Passenger Journeys","2020 Week 43","All public transport, excluding LUAS","Number","1814876"
"Passenger Journeys","2020 Week 44","Dublin Metro Bus","Number","868428"
"Passenger Journeys","2020 Week 44","Bus, excluding Dublin Metro","Number","204748"
"Passenger Journeys","2020 Week 44","Rail","Number","118406"
"Passenger Journeys","2020 Week 44","All public transport, excluding LUAS","Number","1191582"
"Passenger Journeys","2020 Week 45","Dublin Metro Bus","Number","1163897"
"Passenger Journeys","2020 Week 45","Bus, excluding Dublin Metro","Number","289411"
"Passenger Journeys","2020 Week 45","Rail","Number","181839"
"Passenger Journeys","2020 Week 45","All public transport, excluding LUAS","Number","1635147"
"Passenger Journeys","2020 Week 46","Dublin Metro Bus","Number","1169742"
"Passenger Journeys","2020 Week 46","Bus, excluding Dublin Metro","Number","291201"
"Passenger Journeys","2020 Week 46","Rail","Number","176067"
"Passenger Journeys","2020 Week 46","All public transport, excluding LUAS","Number","1637010"
"Passenger Journeys","2020 Week 47","Dublin Metro Bus","Number","1207986"
"Passenger Journeys","2020 Week 47","Bus, excluding Dublin Metro","Number","302115"
"Passenger Journeys","2020 Week 47","Rail","Number","197427"
"Passenger Journeys","2020 Week 47","All public transport, excluding LUAS","Number","1707528"
"Passenger Journeys","2020 Week 48","Dublin Metro Bus","Number","1241445"
"Passenger Journeys","2020 Week 48","Bus, excluding Dublin Metro","Number","307535"
"Passenger Journeys","2020 Week 48","Rail","Number","194005"
"Passenger Journeys","2020 Week 48","All public transport, excluding LUAS","Number","1742985"
"Passenger Journeys","2020 Week 49","Dublin Metro Bus","Number","1586454"
"Passenger Journeys","2020 Week 49","Bus, excluding Dublin Metro","Number","407988"
"Passenger Journeys","2020 Week 49","Rail","Number","295306"
"Passenger Journeys","2020 Week 49","All public transport, excluding LUAS","Number","2289748"
"Passenger Journeys","2020 Week 50","Dublin Metro Bus","Number","1682988"
"Passenger Journeys","2020 Week 50","Bus, excluding Dublin Metro","Number","436740"
"Passenger Journeys","2020 Week 50","Rail","Number","315393"
"Passenger Journeys","2020 Week 50","All public transport, excluding LUAS","Number","2435121"
"Passenger Journeys","2020 Week 51","Dublin Metro Bus","Number","1745336"
"Passenger Journeys","2020 Week 51","Bus, excluding Dublin Metro","Number","444680"
"Passenger Journeys","2020 Week 51","Rail","Number","322484"
"Passenger Journeys","2020 Week 51","All public transport, excluding LUAS","Number","2512500"
"Passenger Journeys","2020 Week 52","Dublin Metro Bus","Number","1076018"
"Passenger Journeys","2020 Week 52","Bus, excluding Dublin Metro","Number","272410"
"Passenger Journeys","2020 Week 52","Rail","Number","184982"
"Passenger Journeys","2020 Week 52","All public transport, excluding LUAS","Number","1533410"
"Passenger Journeys","2020 Week 53","Dublin Metro Bus","Number","707458"
"Passenger Journeys","2020 Week 53","Bus, excluding Dublin Metro","Number","170366"
"Passenger Journeys","2020 Week 53","Rail","Number","101951"
"Passenger Journeys","2020 Week 53","All public transport, excluding LUAS","Number","979775"
"Passenger Journeys","2021 Week 01","Dublin Metro Bus","Number","747912"
"Passenger Journeys","2021 Week 01","Bus, excluding Dublin Metro","Number","184151"
"Passenger Journeys","2021 Week 01","Rail","Number","107227"
"Passenger Journeys","2021 Week 01","All public transport, excluding LUAS","Number","1039290"
"Passenger Journeys","2021 Week 02","Dublin Metro Bus","Number","735000"
"Passenger Journeys","2021 Week 02","Bus, excluding Dublin Metro","Number","184333"
"Passenger Journeys","2021 Week 02","Rail","Number","90529"
"Passenger Journeys","2021 Week 02","All public transport, excluding LUAS","Number","1009862"
"Passenger Journeys","2021 Week 03","Dublin Metro Bus","Number","731273"
"Passenger Journeys","2021 Week 03","Bus, excluding Dublin Metro","Number","184441"
"Passenger Journeys","2021 Week 03","Rail","Number","93456"
"Passenger Journeys","2021 Week 03","All public transport, excluding LUAS","Number","1009170"
"Passenger Journeys","2021 Week 04","Dublin Metro Bus","Number","742813"
"Passenger Journeys","2021 Week 04","Bus, excluding Dublin Metro","Number","189266"
"Passenger Journeys","2021 Week 04","Rail","Number","93322"
"Passenger Journeys","2021 Week 04","All public transport, excluding LUAS","Number","1025401"
"Passenger Journeys","2021 Week 05","Dublin Metro Bus","Number","791189"
"Passenger Journeys","2021 Week 05","Bus, excluding Dublin Metro","Number","201849"
"Passenger Journeys","2021 Week 05","Rail","Number","105426"
"Passenger Journeys","2021 Week 05","All public transport, excluding LUAS","Number","1098464"
"Passenger Journeys","2021 Week 06","Dublin Metro Bus","Number","775491"
"Passenger Journeys","2021 Week 06","Bus, excluding Dublin Metro","Number","198989"
"Passenger Journeys","2021 Week 06","Rail","Number","96338"
"Passenger Journeys","2021 Week 06","All public transport, excluding LUAS","Number","1070818"
"Passenger Journeys","2021 Week 07","Dublin Metro Bus","Number","849801"
"Passenger Journeys","2021 Week 07","Bus, excluding Dublin Metro","Number","210651"
"Passenger Journeys","2021 Week 07","Rail","Number","114588"
"Passenger Journeys","2021 Week 07","All public transport, excluding LUAS","Number","1175040"
"Passenger Journeys","2021 Week 08","Dublin Metro Bus","Number","884911"
"Passenger Journeys","2021 Week 08","Bus, excluding Dublin Metro","Number","218084"
"Passenger Journeys","2021 Week 08","Rail","Number","127685"
"Passenger Journeys","2021 Week 08","All public transport, excluding LUAS","Number","1230680"
"Passenger Journeys","2021 Week 09","Dublin Metro Bus","Number","947256"
"Passenger Journeys","2021 Week 09","Bus, excluding Dublin Metro","Number","240137"
"Passenger Journeys","2021 Week 09","Rail","Number","142782"
"Passenger Journeys","2021 Week 09","All public transport, excluding LUAS","Number","1330175"
"Passenger Journeys","2021 Week 10","Dublin Metro Bus","Number","945236"
"Passenger Journeys","2021 Week 10","Bus, excluding Dublin Metro","Number","239123"
"Passenger Journeys","2021 Week 10","Rail","Number","134132"
"Passenger Journeys","2021 Week 10","All public transport, excluding LUAS","Number","1318491"
"Passenger Journeys","2021 Week 11","Dublin Metro Bus","Number","963568"
"Passenger Journeys","2021 Week 11","Bus, excluding Dublin Metro","Number","246289"
"Passenger Journeys","2021 Week 11","Rail","Number","144852"
"Passenger Journeys","2021 Week 11","All public transport, excluding LUAS","Number","1354709"
"Passenger Journeys","2021 Week 12","Dublin Metro Bus","Number","1015358"
"Passenger Journeys","2021 Week 12","Bus, excluding Dublin Metro","Number","260235"
"Passenger Journeys","2021 Week 12","Rail","Number","149153"
"Passenger Journeys","2021 Week 12","All public transport, excluding LUAS","Number","1424746"
"Passenger Journeys","2021 Week 13","Dublin Metro Bus","Number","1007971"
"Passenger Journeys","2021 Week 13","Bus, excluding Dublin Metro","Number","259578"
"Passenger Journeys","2021 Week 13","Rail","Number","172949"
"Passenger Journeys","2021 Week 13","All public transport, excluding LUAS","Number","1440498"
"Passenger Journeys","2021 Week 14","Dublin Metro Bus","Number","911592"
"Passenger Journeys","2021 Week 14","Bus, excluding Dublin Metro","Number","239121"
"Passenger Journeys","2021 Week 14","Rail","Number","144048"
"Passenger Journeys","2021 Week 14","All public transport, excluding LUAS","Number","1294761"
"Passenger Journeys","2021 Week 15","Dublin Metro Bus","Number","1173468"
"Passenger Journeys","2021 Week 15","Bus, excluding Dublin Metro","Number","310154"
"Passenger Journeys","2021 Week 15","Rail","Number","225466"
"Passenger Journeys","2021 Week 15","All public transport, excluding LUAS","Number","1709088"
"Passenger Journeys","2021 Week 16","Dublin Metro Bus","Number","1227564"
"Passenger Journeys","2021 Week 16","Bus, excluding Dublin Metro","Number","326905"
"Passenger Journeys","2021 Week 16","Rail","Number","264009"
"Passenger Journeys","2021 Week 16","All public transport, excluding LUAS","Number","1818478"
"Passenger Journeys","2021 Week 17","Dublin Metro Bus","Number","1218011"
"Passenger Journeys","2021 Week 17","Bus, excluding Dublin Metro","Number","322352"
"Passenger Journeys","2021 Week 17","Rail","Number","225261"
"Passenger Journeys","2021 Week 17","All public transport, excluding LUAS","Number","1765624"
"Passenger Journeys","2021 Week 18","Dublin Metro Bus","Number","1096020"
"Passenger Journeys","2021 Week 18","Bus, excluding Dublin Metro","Number","287627"
"Passenger Journeys","2021 Week 18","Rail","Number","216234"
"Passenger Journeys","2021 Week 18","All public transport, excluding LUAS","Number","1599881"
"Passenger Journeys","2021 Week 19","Dublin Metro Bus","Number","1355893"
"Passenger Journeys","2021 Week 19","Bus, excluding Dublin Metro","Number","358853"
"Passenger Journeys","2021 Week 19","Rail","Number","269055"
"Passenger Journeys","2021 Week 19","All public transport, excluding LUAS","Number","1983801"
"Passenger Journeys","2021 Week 20","Dublin Metro Bus","Number","1471313"
"Passenger Journeys","2021 Week 20","Bus, excluding Dublin Metro","Number","391144"
"Passenger Journeys","2021 Week 20","Rail","Number","274137"
"Passenger Journeys","2021 Week 20","All public transport, excluding LUAS","Number","2136594"
"Passenger Journeys","2021 Week 21","Dublin Metro Bus","Number","1562407"
"Passenger Journeys","2021 Week 21","Bus, excluding Dublin Metro","Number","418633"
"Passenger Journeys","2021 Week 21","Rail","Number","366784"
"Passenger Journeys","2021 Week 21","All public transport, excluding LUAS","Number","2347824"
"Passenger Journeys","2021 Week 22","Dublin Metro Bus","Number","1547915"
"Passenger Journeys","2021 Week 22","Bus, excluding Dublin Metro","Number","418168"
"Passenger Journeys","2021 Week 22","Rail","Number","393257"
"Passenger Journeys","2021 Week 22","All public transport, excluding LUAS","Number","2359340"
"Passenger Journeys","2021 Week 23","Dublin Metro Bus","Number","1527611"
"Passenger Journeys","2021 Week 23","Bus, excluding Dublin Metro","Number","411324"
"Passenger Journeys","2021 Week 23","Rail","Number","377568"
"Passenger Journeys","2021 Week 23","All public transport, excluding LUAS","Number","2316503"
"Passenger Journeys","2021 Week 24","Dublin Metro Bus","Number","1623456"
"Passenger Journeys","2021 Week 24","Bus, excluding Dublin Metro","Number","446540"
"Passenger Journeys","2021 Week 24","Rail","Number","371228"
"Passenger Journeys","2021 Week 24","All public transport, excluding LUAS","Number","2441224"
"Passenger Journeys","2021 Week 25","Dublin Metro Bus","Number","1603926"
"Passenger Journeys","2021 Week 25","Bus, excluding Dublin Metro","Number","450941"
"Passenger Journeys","2021 Week 25","Rail","Number","368609"
"Passenger Journeys","2021 Week 25","All public transport, excluding LUAS","Number","2423476"
"Passenger Journeys","2021 Week 26","Dublin Metro Bus","Number","1586039"
"Passenger Journeys","2021 Week 26","Bus, excluding Dublin Metro","Number","447514"
"Passenger Journeys","2021 Week 26","Rail","Number","399131"
"Passenger Journeys","2021 Week 26","All public transport, excluding LUAS","Number","2432684"
"Passenger Journeys","2021 Week 27","Dublin Metro Bus","Number","1558866"
"Passenger Journeys","2021 Week 27","Bus, excluding Dublin Metro","Number","441652"
"Passenger Journeys","2021 Week 27","Rail","Number","359807"
"Passenger Journeys","2021 Week 27","All public transport, excluding LUAS","Number","2360325"
"Passenger Journeys","2021 Week 28","Dublin Metro Bus","Number","1623323"
"Passenger Journeys","2021 Week 28","Bus, excluding Dublin Metro","Number","466323"
"Passenger Journeys","2021 Week 28","Rail","Number","455660"
"Passenger Journeys","2021 Week 28","All public transport, excluding LUAS","Number","2545306"
"Passenger Journeys","2021 Week 29","Dublin Metro Bus","Number","1629341"
"Passenger Journeys","2021 Week 29","Bus, excluding Dublin Metro","Number","465320"
"Passenger Journeys","2021 Week 29","Rail","Number","466402"
"Passenger Journeys","2021 Week 29","All public transport, excluding LUAS","Number","2561063"
"Passenger Journeys","2021 Week 30","Dublin Metro Bus","Number","1595175"
"Passenger Journeys","2021 Week 30","Bus, excluding Dublin Metro","Number","449602"
"Passenger Journeys","2021 Week 30","Rail","Number","387647"
"Passenger Journeys","2021 Week 30","All public transport, excluding LUAS","Number","2432424"
"Passenger Journeys","2021 Week 31","Dublin Metro Bus","Number","1509235"
"Passenger Journeys","2021 Week 31","Bus, excluding Dublin Metro","Number","410910"
"Passenger Journeys","2021 Week 31","Rail","Number","386299"
"Passenger Journeys","2021 Week 31","All public transport, excluding LUAS","Number","2306444"
"Passenger Journeys","2021 Week 32","Dublin Metro Bus","Number","1636634"
"Passenger Journeys","2021 Week 32","Bus, excluding Dublin Metro","Number","457401"
"Passenger Journeys","2021 Week 32","Rail","Number","402833"
"Passenger Journeys","2021 Week 32","All public transport, excluding LUAS","Number","2496868"
"Passenger Journeys","2021 Week 33","Dublin Metro Bus","Number","1655260"
"Passenger Journeys","2021 Week 33","Bus, excluding Dublin Metro","Number","459631"
"Passenger Journeys","2021 Week 33","Rail","Number","396685"
"Passenger Journeys","2021 Week 33","All public transport, excluding LUAS","Number","2511576"
"Passenger Journeys","2021 Week 34","Dublin Metro Bus","Number","1766188"
"Passenger Journeys","2021 Week 34","Bus, excluding Dublin Metro","Number","505692"
"Passenger Journeys","2021 Week 34","Rail","Number","475258"
"Passenger Journeys","2021 Week 34","All public transport, excluding LUAS","Number","2747138"
"Passenger Journeys","2021 Week 35","Dublin Metro Bus","Number","1849382"
"Passenger Journeys","2021 Week 35","Bus, excluding Dublin Metro","Number","507106"
"Passenger Journeys","2021 Week 35","Rail","Number","445064"
"Passenger Journeys","2021 Week 35","All public transport, excluding LUAS","Number","2801552"
"Passenger Journeys","2021 Week 36","Dublin Metro Bus","Number","1919743"
"Passenger Journeys","2021 Week 36","Bus, excluding Dublin Metro","Number","527134"
"Passenger Journeys","2021 Week 36","Rail","Number","454290"
"Passenger Journeys","2021 Week 36","All public transport, excluding LUAS","Number","2901167"
"Passenger Journeys","2021 Week 37","Dublin Metro Bus","Number","1996559"
"Passenger Journeys","2021 Week 37","Bus, excluding Dublin Metro","Number","544763"
"Passenger Journeys","2021 Week 37","Rail","Number","430036"
"Passenger Journeys","2021 Week 37","All public transport, excluding LUAS","Number","2971358"
"Passenger Journeys","2021 Week 38","Dublin Metro Bus","Number","2133682"
"Passenger Journeys","2021 Week 38","Bus, excluding Dublin Metro","Number","578850"
"Passenger Journeys","2021 Week 38","Rail","Number","481469"
"Passenger Journeys","2021 Week 38","All public transport, excluding LUAS","Number","3194001"
"Passenger Journeys","2021 Week 39","Dublin Metro Bus","Number","2200701"
"Passenger Journeys","2021 Week 39","Bus, excluding Dublin Metro","Number","604775"
"Passenger Journeys","2021 Week 39","Rail","Number","516121"
"Passenger Journeys","2021 Week 39","All public transport, excluding LUAS","Number","3321597"
"Passenger Journeys","2021 Week 40","Dublin Metro Bus","Number","2247599"
"Passenger Journeys","2021 Week 40","Bus, excluding Dublin Metro","Number","601080"
"Passenger Journeys","2021 Week 40","Rail","Number","523639"
"Passenger Journeys","2021 Week 40","All public transport, excluding LUAS","Number","3372318"
"Passenger Journeys","2021 Week 41","Dublin Metro Bus","Number","2247417"
"Passenger Journeys","2021 Week 41","Bus, excluding Dublin Metro","Number","613892"
"Passenger Journeys","2021 Week 41","Rail","Number","524870"
"Passenger Journeys","2021 Week 41","All public transport, excluding LUAS","Number","3386179"
"Passenger Journeys","2021 Week 42","Dublin Metro Bus","Number","2260213"
"Passenger Journeys","2021 Week 42","Bus, excluding Dublin Metro","Number","609960"
"Passenger Journeys","2021 Week 42","Rail","Number","462006"
"Passenger Journeys","2021 Week 42","All public transport, excluding LUAS","Number","3332179"
"Passenger Journeys","2021 Week 43","Dublin Metro Bus","Number","1815542"
"Passenger Journeys","2021 Week 43","Bus, excluding Dublin Metro","Number","501525"
"Passenger Journeys","2021 Week 43","Rail","Number","440154"
"Passenger Journeys","2021 Week 43","All public transport, excluding LUAS","Number","2757221"
"Passenger Journeys","2021 Week 44","Dublin Metro Bus","Number","2239515"
"Passenger Journeys","2021 Week 44","Bus, excluding Dublin Metro","Number","588321"
"Passenger Journeys","2021 Week 44","Rail","Number","569327"
"Passenger Journeys","2021 Week 44","All public transport, excluding LUAS","Number","3397163"
"Passenger Journeys","2021 Week 45","Dublin Metro Bus","Number","2258734"
"Passenger Journeys","2021 Week 45","Bus, excluding Dublin Metro","Number","592538"
"Passenger Journeys","2021 Week 45","Rail","Number","570080"
"Passenger Journeys","2021 Week 45","All public transport, excluding LUAS","Number","3421352"
"Passenger Journeys","2021 Week 46","Dublin Metro Bus","Number","2218390"
"Passenger Journeys","2021 Week 46","Bus, excluding Dublin Metro","Number","598813"
"Passenger Journeys","2021 Week 46","Rail","Number","509671"
"Passenger Journeys","2021 Week 46","All public transport, excluding LUAS","Number","3326874"
"Passenger Journeys","2021 Week 47","Dublin Metro Bus","Number","2159300"
"Passenger Journeys","2021 Week 47","Bus, excluding Dublin Metro","Number","573025"
"Passenger Journeys","2021 Week 47","Rail","Number","465963"
"Passenger Journeys","2021 Week 47","All public transport, excluding LUAS","Number","3198288"
"Passenger Journeys","2021 Week 48","Dublin Metro Bus","Number","2126792"
"Passenger Journeys","2021 Week 48","Bus, excluding Dublin Metro","Number","545762"
"Passenger Journeys","2021 Week 48","Rail","Number","465590"
"Passenger Journeys","2021 Week 48","All public transport, excluding LUAS","Number","3138144"
"Passenger Journeys","2021 Week 49","Dublin Metro Bus","Number","1910575"
"Passenger Journeys","2021 Week 49","Bus, excluding Dublin Metro","Number","478897"
"Passenger Journeys","2021 Week 49","Rail","Number","417041"
"Passenger Journeys","2021 Week 49","All public transport, excluding LUAS","Number","2806513"
"Passenger Journeys","2021 Week 50","Dublin Metro Bus","Number","2173422"
"Passenger Journeys","2021 Week 50","Bus, excluding Dublin Metro","Number","586228"
"Passenger Journeys","2021 Week 50","Rail","Number","477149"
"Passenger Journeys","2021 Week 50","All public transport, excluding LUAS","Number","3236799"
"Passenger Journeys","2021 Week 51","Dublin Metro Bus","Number","1496396"
"Passenger Journeys","2021 Week 51","Bus, excluding Dublin Metro","Number","396284"
"Passenger Journeys","2021 Week 51","Rail","Number","278965"
"Passenger Journeys","2021 Week 51","All public transport, excluding LUAS","Number","2171645"
"Passenger Journeys","2021 Week 52","Dublin Metro Bus","Number","1099282"
"Passenger Journeys","2021 Week 52","Bus, excluding Dublin Metro","Number","289588"
"Passenger Journeys","2021 Week 52","Rail","Number","243709"
"Passenger Journeys","2021 Week 52","All public transport, excluding LUAS","Number","1632579"
"Passenger Journeys","2021 Week 53","Dublin Metro Bus","Number",""
"Passenger Journeys","2021 Week 53","Bus, excluding Dublin Metro","Number",""
"Passenger Journeys","2021 Week 53","Rail","Number",""
"Passenger Journeys","2021 Week 53","All public transport, excluding LUAS","Number",""
"Passenger Journeys","2022 Week 01","Dublin Metro Bus","Number","1406243"
"Passenger Journeys","2022 Week 01","Bus, excluding Dublin Metro","Number","365503"
"Passenger Journeys","2022 Week 01","Rail","Number","288051"
"Passenger Journeys","2022 Week 01","All public transport, excluding LUAS","Number","2059797"
"Passenger Journeys","2022 Week 02","Dublin Metro Bus","Number","1779235"
"Passenger Journeys","2022 Week 02","Bus, excluding Dublin Metro","Number","475432"
"Passenger Journeys","2022 Week 02","Rail","Number","357666"
"Passenger Journeys","2022 Week 02","All public transport, excluding LUAS","Number","2612333"
"Passenger Journeys","2022 Week 03","Dublin Metro Bus","Number","1966074"
"Passenger Journeys","2022 Week 03","Bus, excluding Dublin Metro","Number","519750"
"Passenger Journeys","2022 Week 03","Rail","Number","399947"
"Passenger Journeys","2022 Week 03","All public transport, excluding LUAS","Number","2885771"
"Passenger Journeys","2022 Week 04","Dublin Metro Bus","Number","2109953"
"Passenger Journeys","2022 Week 04","Bus, excluding Dublin Metro","Number","550396"
"Passenger Journeys","2022 Week 04","Rail","Number","453379"
"Passenger Journeys","2022 Week 04","All public transport, excluding LUAS","Number","3113728"
"Passenger Journeys","2022 Week 05","Dublin Metro Bus","Number","2180251"
"Passenger Journeys","2022 Week 05","Bus, excluding Dublin Metro","Number","562335"
"Passenger Journeys","2022 Week 05","Rail","Number","524640"
"Passenger Journeys","2022 Week 05","All public transport, excluding LUAS","Number","3267226"
"Passenger Journeys","2022 Week 06","Dublin Metro Bus","Number","2222594"
"Passenger Journeys","2022 Week 06","Bus, excluding Dublin Metro","Number","582446"
"Passenger Journeys","2022 Week 06","Rail","Number","477140"
"Passenger Journeys","2022 Week 06","All public transport, excluding LUAS","Number","3282180"
"Passenger Journeys","2022 Week 07","Dublin Metro Bus","Number","2145226"
"Passenger Journeys","2022 Week 07","Bus, excluding Dublin Metro","Number","527018"
"Passenger Journeys","2022 Week 07","Rail","Number","471325"
"Passenger Journeys","2022 Week 07","All public transport, excluding LUAS","Number","3143569"
"Passenger Journeys","2022 Week 08","Dublin Metro Bus","Number","2104859"
"Passenger Journeys","2022 Week 08","Bus, excluding Dublin Metro","Number","543279"
"Passenger Journeys","2022 Week 08","Rail","Number","533442"
"Passenger Journeys","2022 Week 08","All public transport, excluding LUAS","Number","3181580"
"Passenger Journeys","2022 Week 09","Dublin Metro Bus","Number","2393755"
"Passenger Journeys","2022 Week 09","Bus, excluding Dublin Metro","Number","612819"
"Passenger Journeys","2022 Week 09","Rail","Number","589825"
"Passenger Journeys","2022 Week 09","All public transport, excluding LUAS","Number","3596399"
"Passenger Journeys","2022 Week 10","Dublin Metro Bus","Number","2300757"
"Passenger Journeys","2022 Week 10","Bus, excluding Dublin Metro","Number","572414"
"Passenger Journeys","2022 Week 10","Rail","Number","507442"
"Passenger Journeys","2022 Week 10","All public transport, excluding LUAS","Number","3380613"
"Passenger Journeys","2022 Week 11","Dublin Metro Bus","Number","2121172"
"Passenger Journeys","2022 Week 11","Bus, excluding Dublin Metro","Number","540807"
"Passenger Journeys","2022 Week 11","Rail","Number","580364"
"Passenger Journeys","2022 Week 11","All public transport, excluding LUAS","Number","3242343"
"Passenger Journeys","2022 Week 12","Dublin Metro Bus","Number","2432024"
"Passenger Journeys","2022 Week 12","Bus, excluding Dublin Metro","Number","608648"
"Passenger Journeys","2022 Week 12","Rail","Number","598637"
"Passenger Journeys","2022 Week 12","All public transport, excluding LUAS","Number","3639309"
"Passenger Journeys","2022 Week 13","Dublin Metro Bus","Number","2371286"
"Passenger Journeys","2022 Week 13","Bus, excluding Dublin Metro","Number","591604"
"Passenger Journeys","2022 Week 13","Rail","Number","602411"
"Passenger Journeys","2022 Week 13","All public transport, excluding LUAS","Number","3565301"
"Passenger Journeys","2022 Week 14","Dublin Metro Bus","Number","2450481"
"Passenger Journeys","2022 Week 14","Bus, excluding Dublin Metro","Number","616574"
"Passenger Journeys","2022 Week 14","Rail","Number","581420"
"Passenger Journeys","2022 Week 14","All public transport, excluding LUAS","Number","3648475"
"Passenger Journeys","2022 Week 15","Dublin Metro Bus","Number","2266854"
"Passenger Journeys","2022 Week 15","Bus, excluding Dublin Metro","Number","556672"
"Passenger Journeys","2022 Week 15","Rail","Number","557169"
"Passenger Journeys","2022 Week 15","All public transport, excluding LUAS","Number","3380695"
"Passenger Journeys","2022 Week 16","Dublin Metro Bus","Number","2229079"
"Passenger Journeys","2022 Week 16","Bus, excluding Dublin Metro","Number","570284"
"Passenger Journeys","2022 Week 16","Rail","Number","590864"
"Passenger Journeys","2022 Week 16","All public transport, excluding LUAS","Number","3390227"
"Passenger Journeys","2022 Week 17","Dublin Metro Bus","Number","2471590"
"Passenger Journeys","2022 Week 17","Bus, excluding Dublin Metro","Number","666915"
"Passenger Journeys","2022 Week 17","Rail","Number","599078"
"Passenger Journeys","2022 Week 17","All public transport, excluding LUAS","Number","3737583"
"Passenger Journeys","2022 Week 18","Dublin Metro Bus","Number","2335362"
"Passenger Journeys","2022 Week 18","Bus, excluding Dublin Metro","Number","645649"
"Passenger Journeys","2022 Week 18","Rail","Number","633863"
"Passenger Journeys","2022 Week 18","All public transport, excluding LUAS","Number","3614874"
"Passenger Journeys","2022 Week 19","Dublin Metro Bus","Number","2267822"
"Passenger Journeys","2022 Week 19","Bus, excluding Dublin Metro","Number","681036"
"Passenger Journeys","2022 Week 19","Rail","Number","672546"
"Passenger Journeys","2022 Week 19","All public transport, excluding LUAS","Number","3621404"
"Passenger Journeys","2022 Week 20","Dublin Metro Bus","Number","2454491"
"Passenger Journeys","2022 Week 20","Bus, excluding Dublin Metro","Number","668361"
"Passenger Journeys","2022 Week 20","Rail","Number","650548"
"Passenger Journeys","2022 Week 20","All public transport, excluding LUAS","Number","3773400"
"Passenger Journeys","2022 Week 21","Dublin Metro Bus","Number","2449292"
"Passenger Journeys","2022 Week 21","Bus, excluding Dublin Metro","Number","671051"
"Passenger Journeys","2022 Week 21","Rail","Number","663418"
"Passenger Journeys","2022 Week 21","All public transport, excluding LUAS","Number","3783761"
"Passenger Journeys","2022 Week 22","Dublin Metro Bus","Number","2461534"
"Passenger Journeys","2022 Week 22","Bus, excluding Dublin Metro","Number","675775"
"Passenger Journeys","2022 Week 22","Rail","Number","700921"
"Passenger Journeys","2022 Week 22","All public transport, excluding LUAS","Number","3838230"
"Passenger Journeys","2022 Week 23","Dublin Metro Bus","Number","2417295"
"Passenger Journeys","2022 Week 23","Bus, excluding Dublin Metro","Number","628508"
"Passenger Journeys","2022 Week 23","Rail","Number","646250"
"Passenger Journeys","2022 Week 23","All public transport, excluding LUAS","Number","3692053"
"Passenger Journeys","2022 Week 24","Dublin Metro Bus","Number","2297192"
"Passenger Journeys","2022 Week 24","Bus, excluding Dublin Metro","Number","689753"
"Passenger Journeys","2022 Week 24","Rail","Number","718874"
"Passenger Journeys","2022 Week 24","All public transport, excluding LUAS","Number","3705819"
"Passenger Journeys","2022 Week 25","Dublin Metro Bus","Number","2458431"
"Passenger Journeys","2022 Week 25","Bus, excluding Dublin Metro","Number","672758"
"Passenger Journeys","2022 Week 25","Rail","Number","777823"
"Passenger Journeys","2022 Week 25","All public transport, excluding LUAS","Number","3909012"
"Passenger Journeys","2022 Week 26","Dublin Metro Bus","Number","2456029"
"Passenger Journeys","2022 Week 26","Bus, excluding Dublin Metro","Number","641014"
"Passenger Journeys","2022 Week 26","Rail","Number","723963"
"Passenger Journeys","2022 Week 26","All public transport, excluding LUAS","Number","3821006"
"Passenger Journeys","2022 Week 27","Dublin Metro Bus","Number","2455447"
"Passenger Journeys","2022 Week 27","Bus, excluding Dublin Metro","Number","688352"
"Passenger Journeys","2022 Week 27","Rail","Number","768799"
"Passenger Journeys","2022 Week 27","All public transport, excluding LUAS","Number","3912598"
"Passenger Journeys","2022 Week 28","Dublin Metro Bus","Number","2463379"
"Passenger Journeys","2022 Week 28","Bus, excluding Dublin Metro","Number","693305"
"Passenger Journeys","2022 Week 28","Rail","Number","788475"
"Passenger Journeys","2022 Week 28","All public transport, excluding LUAS","Number","3945159"
"Passenger Journeys","2022 Week 29","Dublin Metro Bus","Number","2437677"
"Passenger Journeys","2022 Week 29","Bus, excluding Dublin Metro","Number","668149"
"Passenger Journeys","2022 Week 29","Rail","Number","780426"
"Passenger Journeys","2022 Week 29","All public transport, excluding LUAS","Number","3886252"
"Passenger Journeys","2022 Week 30","Dublin Metro Bus","Number","2428637"
"Passenger Journeys","2022 Week 30","Bus, excluding Dublin Metro","Number","654034"
"Passenger Journeys","2022 Week 30","Rail","Number","694529"
"Passenger Journeys","2022 Week 30","All public transport, excluding LUAS","Number","3777200"
"Passenger Journeys","2022 Week 31","Dublin Metro Bus","Number","2391497"
"Passenger Journeys","2022 Week 31","Bus, excluding Dublin Metro","Number","599663"
"Passenger Journeys","2022 Week 31","Rail","Number","695776"
"Passenger Journeys","2022 Week 31","All public transport, excluding LUAS","Number","3686936"
"Passenger Journeys","2022 Week 32","Dublin Metro Bus","Number","2569142"
"Passenger Journeys","2022 Week 32","Bus, excluding Dublin Metro","Number","700075"
"Passenger Journeys","2022 Week 32","Rail","Number","776829"
"Passenger Journeys","2022 Week 32","All public transport, excluding LUAS","Number","4046046"
"Passenger Journeys","2022 Week 33","Dublin Metro Bus","Number","2555241"
"Passenger Journeys","2022 Week 33","Bus, excluding Dublin Metro","Number","687677"
"Passenger Journeys","2022 Week 33","Rail","Number","708368"
"Passenger Journeys","2022 Week 33","All public transport, excluding LUAS","Number","3951286"
"Passenger Journeys","2022 Week 34","Dublin Metro Bus","Number","2614443"
"Passenger Journeys","2022 Week 34","Bus, excluding Dublin Metro","Number","719994"
"Passenger Journeys","2022 Week 34","Rail","Number","753379"
"Passenger Journeys","2022 Week 34","All public transport, excluding LUAS","Number","4087816"
"Passenger Journeys","2022 Week 35","Dublin Metro Bus","Number","2694493"
"Passenger Journeys","2022 Week 35","Bus, excluding Dublin Metro","Number","703280"
"Passenger Journeys","2022 Week 35","Rail","Number","674115"
"Passenger Journeys","2022 Week 35","All public transport, excluding LUAS","Number","4071888"
"Passenger Journeys","2022 Week 36","Dublin Metro Bus","Number","2770458"
"Passenger Journeys","2022 Week 36","Bus, excluding Dublin Metro","Number","746245"
"Passenger Journeys","2022 Week 36","Rail","Number","735395"
"Passenger Journeys","2022 Week 36","All public transport, excluding LUAS","Number","4252098"
"Passenger Journeys","2022 Week 37","Dublin Metro Bus","Number","2991127"
"Passenger Journeys","2022 Week 37","Bus, excluding Dublin Metro","Number","823471"
"Passenger Journeys","2022 Week 37","Rail","Number","781714"
"Passenger Journeys","2022 Week 37","All public transport, excluding LUAS","Number","4596312"
"Passenger Journeys","2022 Week 38","Dublin Metro Bus","Number","3026029"
"Passenger Journeys","2022 Week 38","Bus, excluding Dublin Metro","Number","849445"
"Passenger Journeys","2022 Week 38","Rail","Number","777177"
"Passenger Journeys","2022 Week 38","All public transport, excluding LUAS","Number","4652651"
"Passenger Journeys","2022 Week 39","Dublin Metro Bus","Number","3092163"
"Passenger Journeys","2022 Week 39","Bus, excluding Dublin Metro","Number","885387"
"Passenger Journeys","2022 Week 39","Rail","Number","841960"
"Passenger Journeys","2022 Week 39","All public transport, excluding LUAS","Number","4819510"
"Passenger Journeys","2022 Week 40","Dublin Metro Bus","Number","3132650"
"Passenger Journeys","2022 Week 40","Bus, excluding Dublin Metro","Number","896210"
"Passenger Journeys","2022 Week 40","Rail","Number","841573"
"Passenger Journeys","2022 Week 40","All public transport, excluding LUAS","Number","4870433"
"Passenger Journeys","2022 Week 41","Dublin Metro Bus","Number","3130260"
"Passenger Journeys","2022 Week 41","Bus, excluding Dublin Metro","Number","885730"
"Passenger Journeys","2022 Week 41","Rail","Number","814269"
"Passenger Journeys","2022 Week 41","All public transport, excluding LUAS","Number","4830259"
"Passenger Journeys","2022 Week 42","Dublin Metro Bus","Number","3096053"
"Passenger Journeys","2022 Week 42","Bus, excluding Dublin Metro","Number","866776"
"Passenger Journeys","2022 Week 42","Rail","Number","824247"
"Passenger Journeys","2022 Week 42","All public transport, excluding LUAS","Number","4787076"
"Passenger Journeys","2022 Week 43","Dublin Metro Bus","Number","3157869"
"Passenger Journeys","2022 Week 43","Bus, excluding Dublin Metro","Number","891987"
"Passenger Journeys","2022 Week 43","Rail","Number","799752"
"Passenger Journeys","2022 Week 43","All public transport, excluding LUAS","Number","4849608"
"Passenger Journeys","2022 Week 44","Dublin Metro Bus","Number","2723592"
"Passenger Journeys","2022 Week 44","Bus, excluding Dublin Metro","Number","736242"
"Passenger Journeys","2022 Week 44","Rail","Number","767786"
"Passenger Journeys","2022 Week 44","All public transport, excluding LUAS","Number","4227620"
"Passenger Journeys","2022 Week 45","Dublin Metro Bus","Number","3157496"
"Passenger Journeys","2022 Week 45","Bus, excluding Dublin Metro","Number","864536"
"Passenger Journeys","2022 Week 45","Rail","Number","860900"
"Passenger Journeys","2022 Week 45","All public transport, excluding LUAS","Number","4882932"
"Passenger Journeys","2022 Week 46","Dublin Metro Bus","Number","3192643"
"Passenger Journeys","2022 Week 46","Bus, excluding Dublin Metro","Number","891579"
"Passenger Journeys","2022 Week 46","Rail","Number","863826"
"Passenger Journeys","2022 Week 46","All public transport, excluding LUAS","Number","4948048"
"Passenger Journeys","2022 Week 47","Dublin Metro Bus","Number","3114790"
"Passenger Journeys","2022 Week 47","Bus, excluding Dublin Metro","Number","871810"
"Passenger Journeys","2022 Week 47","Rail","Number","810472"
"Passenger Journeys","2022 Week 47","All public transport, excluding LUAS","Number","4797072"
"Passenger Journeys","2022 Week 48","Dublin Metro Bus","Number","3147713"
"Passenger Journeys","2022 Week 48","Bus, excluding Dublin Metro","Number","852232"
"Passenger Journeys","2022 Week 48","Rail","Number","810146"
"Passenger Journeys","2022 Week 48","All public transport, excluding LUAS","Number","4810091"
"Passenger Journeys","2022 Week 49","Dublin Metro Bus","Number","3073856"
"Passenger Journeys","2022 Week 49","Bus, excluding Dublin Metro","Number","840769"
"Passenger Journeys","2022 Week 49","Rail","Number","831900"
"Passenger Journeys","2022 Week 49","All public transport, excluding LUAS","Number","4746525"
"Passenger Journeys","2022 Week 50","Dublin Metro Bus","Number","3050335"
"Passenger Journeys","2022 Week 50","Bus, excluding Dublin Metro","Number","800708"
"Passenger Journeys","2022 Week 50","Rail","Number","805056"
"Passenger Journeys","2022 Week 50","All public transport, excluding LUAS","Number","4656099"
"Passenger Journeys","2022 Week 51","Dublin Metro Bus","Number","2741688"
"Passenger Journeys","2022 Week 51","Bus, excluding Dublin Metro","Number","662302"
"Passenger Journeys","2022 Week 51","Rail","Number","619257"
"Passenger Journeys","2022 Week 51","All public transport, excluding LUAS","Number","4023247"
"Passenger Journeys","2022 Week 52","Dublin Metro Bus","Number","2840848"
"Passenger Journeys","2022 Week 52","Bus, excluding Dublin Metro","Number","478378"
"Passenger Journeys","2022 Week 52","Rail","Number","410985"
"Passenger Journeys","2022 Week 52","All public transport, excluding LUAS","Number","3730211"
"Passenger Journeys","2022 Week 53","Dublin Metro Bus","Number",""
"Passenger Journeys","2022 Week 53","Bus, excluding Dublin Metro","Number",""
"Passenger Journeys","2022 Week 53","Rail","Number",""
"Passenger Journeys","2022 Week 53","All public transport, excluding LUAS","Number",""
"Passenger Journeys","2023 Week 01","Dublin Metro Bus","Number","2325239"
"Passenger Journeys","2023 Week 01","Bus, excluding Dublin Metro","Number","614352"
"Passenger Journeys","2023 Week 01","Rail","Number","593351"
"Passenger Journeys","2023 Week 01","All public transport, excluding LUAS","Number","3532942"
"Passenger Journeys","2023 Week 02","Dublin Metro Bus","Number","2791337"
"Passenger Journeys","2023 Week 02","Bus, excluding Dublin Metro","Number","742138"
"Passenger Journeys","2023 Week 02","Rail","Number","693509"
"Passenger Journeys","2023 Week 02","All public transport, excluding LUAS","Number","4226984"
"Passenger Journeys","2023 Week 03","Dublin Metro Bus","Number","2948010"
"Passenger Journeys","2023 Week 03","Bus, excluding Dublin Metro","Number","791800"
"Passenger Journeys","2023 Week 03","Rail","Number","737213"
"Passenger Journeys","2023 Week 03","All public transport, excluding LUAS","Number","4477023"
"Passenger Journeys","2023 Week 04","Dublin Metro Bus","Number","3166957"
"Passenger Journeys","2023 Week 04","Bus, excluding Dublin Metro","Number","858179"
"Passenger Journeys","2023 Week 04","Rail","Number","803814"
"Passenger Journeys","2023 Week 04","All public transport, excluding LUAS","Number","4828950"
"Passenger Journeys","2023 Week 05","Dublin Metro Bus","Number","3157789"
"Passenger Journeys","2023 Week 05","Bus, excluding Dublin Metro","Number","867139"
"Passenger Journeys","2023 Week 05","Rail","Number","843766"
"Passenger Journeys","2023 Week 05","All public transport, excluding LUAS","Number","4868694"
"Passenger Journeys","2023 Week 06","Dublin Metro Bus","Number","2957697"
"Passenger Journeys","2023 Week 06","Bus, excluding Dublin Metro","Number","803293"
"Passenger Journeys","2023 Week 06","Rail","Number","783829"
"Passenger Journeys","2023 Week 06","All public transport, excluding LUAS","Number","4544819"
"Passenger Journeys","2023 Week 07","Dublin Metro Bus","Number","3095444"
"Passenger Journeys","2023 Week 07","Bus, excluding Dublin Metro","Number","882482"
"Passenger Journeys","2023 Week 07","Rail","Number","825296"
"Passenger Journeys","2023 Week 07","All public transport, excluding LUAS","Number","4803222"
"Passenger Journeys","2023 Week 08","Dublin Metro Bus","Number","3232516"
"Passenger Journeys","2023 Week 08","Bus, excluding Dublin Metro","Number","885217"
"Passenger Journeys","2023 Week 08","Rail","Number","843175"
"Passenger Journeys","2023 Week 08","All public transport, excluding LUAS","Number","4960908"
"Passenger Journeys","2023 Week 09","Dublin Metro Bus","Number","3207780"
"Passenger Journeys","2023 Week 09","Bus, excluding Dublin Metro","Number","878491"
"Passenger Journeys","2023 Week 09","Rail","Number","860894"
"Passenger Journeys","2023 Week 09","All public transport, excluding LUAS","Number","4947165"
"Passenger Journeys","2023 Week 10","Dublin Metro Bus","Number","3133172"
"Passenger Journeys","2023 Week 10","Bus, excluding Dublin Metro","Number","847587"
"Passenger Journeys","2023 Week 10","Rail","Number","771731"
"Passenger Journeys","2023 Week 10","All public transport, excluding LUAS","Number","4752490"
"Passenger Journeys","2023 Week 11","Dublin Metro Bus","Number","2964999"
"Passenger Journeys","2023 Week 11","Bus, excluding Dublin Metro","Number","819312"
"Passenger Journeys","2023 Week 11","Rail","Number","816678"
"Passenger Journeys","2023 Week 11","All public transport, excluding LUAS","Number","4600989"
"Passenger Journeys","2023 Week 12","Dublin Metro Bus","Number","3207312"
"Passenger Journeys","2023 Week 12","Bus, excluding Dublin Metro","Number","849417"
"Passenger Journeys","2023 Week 12","Rail","Number","851471"
"Passenger Journeys","2023 Week 12","All public transport, excluding LUAS","Number","4908200"
"Passenger Journeys","2023 Week 13","Dublin Metro Bus","Number","3274633"
"Passenger Journeys","2023 Week 13","Bus, excluding Dublin Metro","Number","854952"
"Passenger Journeys","2023 Week 13","Rail","Number","689730"
"Passenger Journeys","2023 Week 13","All public transport, excluding LUAS","Number","4819315"
"Passenger Journeys","2023 Week 14","Dublin Metro Bus","Number","3030252"
"Passenger Journeys","2023 Week 14","Bus, excluding Dublin Metro","Number","815998"
"Passenger Journeys","2023 Week 14","Rail","Number","801427"
"Passenger Journeys","2023 Week 14","All public transport, excluding LUAS","Number","4647677"
"Passenger Journeys","2023 Week 15","Dublin Metro Bus","Number","2814650"
"Passenger Journeys","2023 Week 15","Bus, excluding Dublin Metro","Number","736415"
"Passenger Journeys","2023 Week 15","Rail","Number","731982"
"Passenger Journeys","2023 Week 15","All public transport, excluding LUAS","Number","4283047"
"Passenger Journeys","2023 Week 16","Dublin Metro Bus","Number","3267439"
"Passenger Journeys","2023 Week 16","Bus, excluding Dublin Metro","Number","880537"
"Passenger Journeys","2023 Week 16","Rail","Number","836941"
"Passenger Journeys","2023 Week 16","All public transport, excluding LUAS","Number","4984917"
"Passenger Journeys","2023 Week 17","Dublin Metro Bus","Number","3325827"
"Passenger Journeys","2023 Week 17","Bus, excluding Dublin Metro","Number","883494"
"Passenger Journeys","2023 Week 17","Rail","Number","865758"
"Passenger Journeys","2023 Week 17","All public transport, excluding LUAS","Number","5075079"
"Passenger Journeys","2023 Week 18","Dublin Metro Bus","Number","3082566"
"Passenger Journeys","2023 Week 18","Bus, excluding Dublin Metro","Number","825877"
"Passenger Journeys","2023 Week 18","Rail","Number","872894"
"Passenger Journeys","2023 Week 18","All public transport, excluding LUAS","Number","4781337"
"Passenger Journeys","2023 Week 19","Dublin Metro Bus","Number","3207366"
"Passenger Journeys","2023 Week 19","Bus, excluding Dublin Metro","Number","878188"
"Passenger Journeys","2023 Week 19","Rail","Number","873808"
"Passenger Journeys","2023 Week 19","All public transport, excluding LUAS","Number","4959362"
"Passenger Journeys","2023 Week 20","Dublin Metro Bus","Number","3127899"
"Passenger Journeys","2023 Week 20","Bus, excluding Dublin Metro","Number","862338"
"Passenger Journeys","2023 Week 20","Rail","Number","891149"
"Passenger Journeys","2023 Week 20","All public transport, excluding LUAS","Number","4881386"
"Passenger Journeys","2023 Week 21","Dublin Metro Bus","Number","3173348"
"Passenger Journeys","2023 Week 21","Bus, excluding Dublin Metro","Number","870042"
"Passenger Journeys","2023 Week 21","Rail","Number","890058"
"Passenger Journeys","2023 Week 21","All public transport, excluding LUAS","Number","4933448"
"Passenger Journeys","2023 Week 22","Dublin Metro Bus","Number","3200660"
"Passenger Journeys","2023 Week 22","Bus, excluding Dublin Metro","Number","865585"
"Passenger Journeys","2023 Week 22","Rail","Number","975543"
"Passenger Journeys","2023 Week 22","All public transport, excluding LUAS","Number","5041788"
"Passenger Journeys","2023 Week 23","Dublin Metro Bus","Number","2904610"
"Passenger Journeys","2023 Week 23","Bus, excluding Dublin Metro","Number","781015"
"Passenger Journeys","2023 Week 23","Rail","Number","816266"
"Passenger Journeys","2023 Week 23","All public transport, excluding LUAS","Number","4501891"
"Passenger Journeys","2023 Week 24","Dublin Metro Bus","Number","3057569"
"Passenger Journeys","2023 Week 24","Bus, excluding Dublin Metro","Number","802039"
"Passenger Journeys","2023 Week 24","Rail","Number","880035"
"Passenger Journeys","2023 Week 24","All public transport, excluding LUAS","Number","4739643"
"Passenger Journeys","2023 Week 25","Dublin Metro Bus","Number","3057052"
"Passenger Journeys","2023 Week 25","Bus, excluding Dublin Metro","Number","781908"
"Passenger Journeys","2023 Week 25","Rail","Number","902728"
"Passenger Journeys","2023 Week 25","All public transport, excluding LUAS","Number","4741688"
"Passenger Journeys","2023 Week 26","Dublin Metro Bus","Number","3108755"
"Passenger Journeys","2023 Week 26","Bus, excluding Dublin Metro","Number","760478"
"Passenger Journeys","2023 Week 26","Rail","Number","938599"
"Passenger Journeys","2023 Week 26","All public transport, excluding LUAS","Number","4807832"
"Passenger Journeys","2023 Week 27","Dublin Metro Bus","Number","3046360"
"Passenger Journeys","2023 Week 27","Bus, excluding Dublin Metro","Number","810830"
"Passenger Journeys","2023 Week 27","Rail","Number","858711"
"Passenger Journeys","2023 Week 27","All public transport, excluding LUAS","Number","4715901"
"Passenger Journeys","2023 Week 28","Dublin Metro Bus","Number","2939504"
"Passenger Journeys","2023 Week 28","Bus, excluding Dublin Metro","Number","799946"
"Passenger Journeys","2023 Week 28","Rail","Number","785124"
"Passenger Journeys","2023 Week 28","All public transport, excluding LUAS","Number","4524574"
"Passenger Journeys","2023 Week 29","Dublin Metro Bus","Number","2956246"
"Passenger Journeys","2023 Week 29","Bus, excluding Dublin Metro","Number","799518"
"Passenger Journeys","2023 Week 29","Rail","Number","806263"
"Passenger Journeys","2023 Week 29","All public transport, excluding LUAS","Number","4562027"
"Passenger Journeys","2023 Week 30","Dublin Metro Bus","Number","2998446"
"Passenger Journeys","2023 Week 30","Bus, excluding Dublin Metro","Number","788301"
"Passenger Journeys","2023 Week 30","Rail","Number","814033"
"Passenger Journeys","2023 Week 30","All public transport, excluding LUAS","Number","4600780"
"Passenger Journeys","2023 Week 31","Dublin Metro Bus","Number","2907903"
"Passenger Journeys","2023 Week 31","Bus, excluding Dublin Metro","Number","819255"
"Passenger Journeys","2023 Week 31","Rail","Number","842625"
"Passenger Journeys","2023 Week 31","All public transport, excluding LUAS","Number","4569783"
"Passenger Journeys","2023 Week 32","Dublin Metro Bus","Number","2807912"
"Passenger Journeys","2023 Week 32","Bus, excluding Dublin Metro","Number","752795"
"Passenger Journeys","2023 Week 32","Rail","Number","828688"
"Passenger Journeys","2023 Week 32","All public transport, excluding LUAS","Number","4389395"
"Passenger Journeys","2023 Week 33","Dublin Metro Bus","Number","2935441"
"Passenger Journeys","2023 Week 33","Bus, excluding Dublin Metro","Number","816489"
"Passenger Journeys","2023 Week 33","Rail","Number","850226"
"Passenger Journeys","2023 Week 33","All public transport, excluding LUAS","Number","4602156"
"Passenger Journeys","2023 Week 34","Dublin Metro Bus","Number","2989135"
"Passenger Journeys","2023 Week 34","Bus, excluding Dublin Metro","Number","845884"
"Passenger Journeys","2023 Week 34","Rail","Number","818169"
"Passenger Journeys","2023 Week 34","All public transport, excluding LUAS","Number","4653188"
"Passenger Journeys","2023 Week 35","Dublin Metro Bus","Number","3134289"
"Passenger Journeys","2023 Week 35","Bus, excluding Dublin Metro","Number","835183"
"Passenger Journeys","2023 Week 35","Rail","Number","882381"
"Passenger Journeys","2023 Week 35","All public transport, excluding LUAS","Number","4851853"
"Passenger Journeys","2023 Week 36","Dublin Metro Bus","Number","3266735"
"Passenger Journeys","2023 Week 36","Bus, excluding Dublin Metro","Number","910823"
"Passenger Journeys","2023 Week 36","Rail","Number","948395"
"Passenger Journeys","2023 Week 36","All public transport, excluding LUAS","Number","5125953"
"Passenger Journeys","2023 Week 37","Dublin Metro Bus","Number","3332761"
"Passenger Journeys","2023 Week 37","Bus, excluding Dublin Metro","Number","924379"
"Passenger Journeys","2023 Week 37","Rail","Number","789208"
"Passenger Journeys","2023 Week 37","All public transport, excluding LUAS","Number","5046348"
"Passenger Journeys","2023 Week 38","Dublin Metro Bus","Number","3558455"
"Passenger Journeys","2023 Week 38","Bus, excluding Dublin Metro","Number","984371"
"Passenger Journeys","2023 Week 38","Rail","Number","945832"
"Passenger Journeys","2023 Week 38","All public transport, excluding LUAS","Number","5488658"
"Passenger Journeys","2023 Week 39","Dublin Metro Bus","Number","3517509"
"Passenger Journeys","2023 Week 39","Bus, excluding Dublin Metro","Number","950613"
"Passenger Journeys","2023 Week 39","Rail","Number","932441"
"Passenger Journeys","2023 Week 39","All public transport, excluding LUAS","Number","5400563"
"Passenger Journeys","2023 Week 40","Dublin Metro Bus","Number","3595880"
"Passenger Journeys","2023 Week 40","Bus, excluding Dublin Metro","Number","894313"
"Passenger Journeys","2023 Week 40","Rail","Number","974332"
"Passenger Journeys","2023 Week 40","All public transport, excluding LUAS","Number","5464525"
"Passenger Journeys","2023 Week 41","Dublin Metro Bus","Number","3629045"
"Passenger Journeys","2023 Week 41","Bus, excluding Dublin Metro","Number","923175"
"Passenger Journeys","2023 Week 41","Rail","Number","925784"
"Passenger Journeys","2023 Week 41","All public transport, excluding LUAS","Number","5478004"
"Passenger Journeys","2023 Week 42","Dublin Metro Bus","Number","3492660"
"Passenger Journeys","2023 Week 42","Bus, excluding Dublin Metro","Number","933376"
"Passenger Journeys","2023 Week 42","Rail","Number","912832"
"Passenger Journeys","2023 Week 42","All public transport, excluding LUAS","Number","5338868"
"Passenger Journeys","2023 Week 43","Dublin Metro Bus","Number","3504413"
"Passenger Journeys","2023 Week 43","Bus, excluding Dublin Metro","Number","974091"
"Passenger Journeys","2023 Week 43","Rail","Number","888050"
"Passenger Journeys","2023 Week 43","All public transport, excluding LUAS","Number","5366554"
"Passenger Journeys","2023 Week 44","Dublin Metro Bus","Number","3043578"
"Passenger Journeys","2023 Week 44","Bus, excluding Dublin Metro","Number","811636"
"Passenger Journeys","2023 Week 44","Rail","Number","824979"
"Passenger Journeys","2023 Week 44","All public transport, excluding LUAS","Number","4680193"
"Passenger Journeys","2023 Week 45","Dublin Metro Bus","Number","3517888"
"Passenger Journeys","2023 Week 45","Bus, excluding Dublin Metro","Number","928383"
"Passenger Journeys","2023 Week 45","Rail","Number","959770"
"Passenger Journeys","2023 Week 45","All public transport, excluding LUAS","Number","5406041"
"Passenger Journeys","2023 Week 46","Dublin Metro Bus","Number","3311974"
"Passenger Journeys","2023 Week 46","Bus, excluding Dublin Metro","Number","900766"
"Passenger Journeys","2023 Week 46","Rail","Number","900707"
"Passenger Journeys","2023 Week 46","All public transport, excluding LUAS","Number","5113447"
"Passenger Journeys","2023 Week 47","Dublin Metro Bus","Number","3218635"
"Passenger Journeys","2023 Week 47","Bus, excluding Dublin Metro","Number","895925"
"Passenger Journeys","2023 Week 47","Rail","Number","945060"
"Passenger Journeys","2023 Week 47","All public transport, excluding LUAS","Number","5059620"
"Passenger Journeys","2023 Week 48","Dublin Metro Bus","Number","3453532"
"Passenger Journeys","2023 Week 48","Bus, excluding Dublin Metro","Number","941393"
"Passenger Journeys","2023 Week 48","Rail","Number","942218"
"Passenger Journeys","2023 Week 48","All public transport, excluding LUAS","Number","5337143"
